{
    "3": {
        "\u09b6\u09bf\u0996\u09a8(Activity)_1": 3.684722,
        "\u09b6\u09bf\u0996\u09a8(Association)_1": 6.968276
    }
}